,,,,,,,,,,,,,,,,,,,,,,,,,,,,,,,,,,,,,,,,,,
序号,转债名称,转债代码,进展/上市日,股票名称,股票代码,行业,转债价格,涨跌,盘中套利,股价,涨跌,转债成交额,转债换手率,转股价格,P/B,股价/转股价,转股价值,转股溢价率,剩余年限,回售年限,余额/市值,余额/股本,转债余额,税前收益率,税后收益率,加权收益率,税前回售收益,税后回售收益,回售价值,纯债价值,期权价值,内在价值,价值溢价,历史波动,隐含波动,预测波动,弹性,涨修正弹,跌修正弹,信用,折现率,热门度
1,格力转债,110030,2015-01-13,格力地产,600185,地产,105.48,0.46%,-0.46%,5.39,3.65%,6.1,1.40%,6.94,1.48,-22.30%,77.67,35.80%,0.74年,回售中,3.80%,3.00%,4.3,0.67%,-0.87%,0.36%,回售中,回售中,103,101.52,0.16,101.69,3.70%,70%,46%,16%,0,-0.69,0.67,AA,6.00%,7
2,电气转债,113008,2015-02-16,上海电气,601727,能源电力,121.8,1.75%,0.02%,5.97,2.40%,19,0.30%,5.19,1.55,15.00%,115.03,5.90%,1.85年,回售中,6.80%,7.80%,59.9,-6.29%,-7.05%,-6.44%,回售中,回售中,103,100.59,19.4,119.99,1.50%,50%,22%,16%,0.73,0.47,1,AAA,4.00%,16
3,航信转债,110031,2015-06-30,航天信息,600271,计算机及应用,112.99,0.89%,-0.74%,27.93,3.48%,17,0.60%,42.38,5.24,-34.10%,65.9,71.40%,2.20年,0.20年,4.60%,3.00%,24,-1.23%,-2.06%,-1.40%,-29.00%,-29.90%,100.29,101.05,0.57,101.62,11.20%,54%,54%,17%,0.04,-1.96,2.17,AAA,4.00%,7
4,蓝标转债,123001,2016-01-18,蓝色光标,300058,传媒娱乐,127,2.00%,0.41%,5.48,2.81%,20,3.00%,4.31,1.9,27.10%,127.15,-0.10%,2.72年,0.72年,4.40%,5.60%,5.3,-4.80%,-5.51%,-4.94%,-22.70%,-23.00%,98.08,99.45,33.89,133.34,-4.80%,39%,<2%,17%,0.86,1.79,0.01,AA,4.30%,62
5,国贸转债,110033,2016-01-19,厦门国贸,600755,交通运输,115.2,1.97%,1.39%,9.19,5.03%,25,1.50%,8.61,1.35,6.70%,106.74,7.90%,2.77年,0.77年,8.80%,9.30%,14.6,-1.32%,-2.04%,-1.46%,-12.60%,-13.00%,97.73,98.95,16.88,115.83,-0.50%,35%,18%,15%,0.67,0.71,0.64,AA+,4.30%,9
6,九州转债,110034,2016-01-29,九州通,600998,医药,110.55,0.56%,-0.16%,15.68,1.36%,18,1.10%,18.42,2,-14.90%,85.12,29.90%,2.80年,0.80年,5.10%,4.30%,15,-0.05%,-0.73%,-0.19%,-6.33%,-7.04%,99.3,97.2,6.22,103.43,6.90%,26%,26%,15%,0.3,-1.06,1.7,AA+,4.70%,15
7,广汽转债,113009,2016-02-04,广汽集团,601238,汽车,110.48,0.99%,-0.42%,11.68,2.73%,27,1.00%,14.74,1.58,-20.80%,79.24,39.40%,2.82年,0.82年,2.10%,1.70%,25.5,-0.48%,-1.08%,-0.60%,-8.04%,-8.36%,97.91,97.75,3.1,100.85,9.50%,34%,34%,15%,0.21,-1.51,2.01,AAA,4.00%,11
8,顺昌转债,128010,2016-02-23,澳洋顺昌,2245,交通运输,104.5,0.75%,-0.75%,4.94,3.56%,2.9,0.60%,9.28,1.83,-46.80%,53.23,96.30%,2.82年,0.82年,10.50%,5.60%,5.1,2.26%,1.51%,2.11%,-2.57%,-2.93%,96.2,94.6,2.04,96.64,8.10%,42%,49%,17%,0,-1.51,1.54,AA,6.00%,24
9,辉丰转债,128012,2016-05-17,辉丰股份,2496,石油天然气化工,96.28,0.48%,-0.48%,2.72,0.74%,9.1,1.10%,7.71,1.18,-64.70%,35.28,173%,3年22天,1年22天,20.60%,7.30%,8.5,3.46%,3.01%,3.37%,7.64%,6.73%,96.98,87.05,10.64,97.69,-1.40%,85%,<2%,17%,0,0.29,-0.27,A+,7.00%,76
10,海印转债,127003,2016-07-01,海印股份,861,商业零售,112.196,3.16%,-0.78%,3.15,5.35%,64,5.20%,3.5,2.18,-10.00%,90,24.70%,3.19年,1.19年,16.20%,14.60%,11.1,0.60%,-0.22%,0.43%,-6.28%,-6.65%,96.12,97.82,9.62,107.44,4.40%,26%,24%,16%,0.44,-0.67,1.58,AA,5.10%,100
11,洪涛转债,128013,2016-08-23,洪涛股份,2325,建筑,99.18,0.43%,-0.43%,3.7,3.35%,19,1.60%,9.98,1.26,-62.90%,37.07,168%,3.33年,1.33年,26.00%,9.60%,12,3.88%,3.16%,3.74%,2.44%,2.06%,94.26,92.86,2.34,95.2,4.20%,35%,47%,16%,0,-0.8,0.79,AA,6.00%,76
12,光大转债,113011,2017-07-18,光大银行,601818,金融,114.9,1.85%,-0.38%,4.1,2.50%,336,1.00%,4.13,0.77,-0.70%,99.27,15.70%,3.97年,无权,13.90%,13.80%,300,-1.27%,-1.70%,-1.36%,无权,无权,无权,93.82,18.21,112.03,2.60%,18%,18%,16%,0.59,0.1,1.07,AAA,4.00%,29
13,骆驼转债,113012,2017-07-18,骆驼股份,601311,汽车,113.96,1.47%,1.04%,13.51,3.68%,30,5.20%,13.44,2.06,0.50%,100.52,13.40%,3.99年,1.99年,4.40%,4.50%,5.1,-1.17%,-1.58%,-1.26%,-4.81%,-5.02%,93.07,91.09,20.28,111.37,2.30%,35%,22%,16%,0.68,-0.06,1.43,AA,4.60%,16
14,永东转债,128014,2017-07-18,永东股份,2753,石油天然气化工,105.1,0.96%,-0.23%,11.16,1.73%,3.2,0.90%,13.53,2.77,-17.50%,82.48,27.40%,4年18天,2年18天,9.10%,7.50%,3.4,1.85%,1.25%,1.73%,-0.70%,-1.00%,92.16,91.64,10.57,102.21,2.80%,60%,22%,17%,0.42,-0.48,1.33,AA-,5.40%,45
15,模塑转债,127004,2017-08-16,模塑科技,700,汽车,97.2,0.92%,-0.85%,3.86,1.85%,5.3,0.70%,7.72,1.32,-50.00%,50,94.40%,4.18年,2.18年,25.70%,12.80%,8.2,4.21%,3.52%,4.07%,2.75%,2.44%,90.6,90.96,1.67,92.63,4.90%,53%,34%,17%,0.04,-0.95,1.03,AA,5.90%,69
16,久其转债,128015,2017-07-18,久其软件,2279,计算机及应用,105.31,2.32%,-1.87%,8.88,2.07%,5.7,0.70%,12.86,3.21,-30.90%,69.05,52.50%,4.19年,2.19年,12.40%,8.50%,7.8,1.57%,1.03%,1.46%,-0.92%,-1.17%,90.81,89.92,5.64,95.56,10.20%,71%,34%,17%,0.22,-1.83,2.39,AA,5.60%,35
17,国君转债,113013,2017-07-24,国泰君安,601211,金融,118.7,3.41%,1.02%,20.15,7.18%,150,1.80%,19.8,1.56,1.80%,101.77,16.60%,4.27年,无权,4.00%,4.10%,70,-1.84%,-2.26%,-1.93%,无权,无权,无权,93.19,22.2,115.39,2.90%,26%,24%,17%,0.62,0.07,1.16,AAA,4.00%,27
18,雨虹转债,128016,2017-10-20,东方雨虹,2271,建筑,116.3,3.06%,-1.55%,21.07,2.68%,18,0.90%,22.63,4.2,-6.90%,93.11,24.90%,4.49年,2.49年,5.80%,5.40%,18.4,-1.19%,-1.61%,-1.28%,-4.48%,-4.69%,91.9,91.09,16.58,107.67,8.00%,51%,27%,16%,0.56,-1.11,2.3,AA+,4.40%,11
19,林洋转债,113014,2017-11-13,林洋能源,601222,能源电力,105.9,1.20%,-0.39%,5.83,4.11%,17,0.50%,8.76,1.12,-33.40%,66.55,59.10%,4.58年,2.58年,29.10%,19.40%,30,1.01%,0.57%,0.92%,-0.91%,-1.14%,89.05,86.75,6.25,93,13.90%,83%,42%,16%,0.2,-2.4,3.04,AA,5.60%,18
20,金禾转债,128017,2017-11-27,金禾实业,2597,石油天然气化工,107.6,-0.01%,1.09%,17.76,3.02%,0.9,0.10%,23.32,2.64,-23.80%,76.16,41.30%,4.59年,2.59年,6.00%,4.60%,6,0.55%,0.13%,0.47%,-1.57%,-1.78%,89.49,87.44,9.8,97.24,10.70%,36%,36%,17%,0.36,-1.86,2.73,AA,5.30%,22
21,隆基转债,113015,2017-11-20,隆基股份,601012,能源电力,122.64,1.51%,0.07%,26.1,2.03%,51,1.50%,22.98,4.89,13.60%,113.58,8.00%,4.60年,2.60年,3.80%,4.40%,28,-2.32%,-2.72%,-2.40%,-6.15%,-6.34%,92.01,91.52,31.56,123.09,-0.40%,47%,17%,16%,0.78,0.73,0.83,AA+,4.20%,13
22,小康转债,113016,2017-11-21,小康股份,601127,汽车,106.99,1.64%,-0.74%,16.4,1.42%,3.6,0.40%,17.2,3.11,-4.70%,95.35,12.20%,4.61年,2.61年,5.70%,5.40%,8.8,0.78%,0.34%,0.69%,-1.27%,-1.49%,90.97,89.93,19.14,109.08,-1.90%,40%,13%,16%,0.64,0.71,0.58,AA,4.70%,33
23,时达转债,128018,2017-12-04,新时达,2527,机械装备制造,107,0.94%,-0.83%,6.66,1.52%,8.3,0.90%,11.83,1.45,-43.70%,56.3,90.10%,4.61年,2.61年,21.30%,12.00%,8.8,0.78%,0.34%,0.69%,-1.27%,-1.50%,88.33,85.69,4.63,90.32,18.50%,35%,51%,16%,0.07,-3.13,3.69,AA,5.90%,42
24,久立转2,128019,2017-12-01,久立特材,2318,石油天然气化工,116.5,2.59%,-0.52%,8.26,2.99%,2.2,0.20%,8.22,2.34,0.50%,100.49,15.90%,4.61年,2.61年,15.00%,15.00%,10.4,-1.20%,-1.60%,-1.28%,-4.35%,-4.55%,90.99,89.91,23.17,113.08,3.00%,34%,22%,17%,0.69,-0.25,1.64,AA,4.60%,13
25,嘉澳转债,113502,2017-11-27,嘉澳环保,603822,城市公用设施,100.75,0.75%,-0.33%,30.06,1.86%,1.4,0.80%,45.27,3.11,-33.60%,66.4,51.70%,4.62年,2.62年,8.40%,5.60%,1.9,2.55%,2.02%,2.44%,0.95%,0.70%,88.19,86.98,6.13,93.11,8.20%,58%,32%,17%,0.23,-1.54,2.07,AA-,5.90%,42
26,济川转债,110038,2017-11-29,济川药业,600566,医药,113.02,0.40%,1.13%,34.52,3.35%,2.4,0.30%,40.04,5.65,-13.80%,86.21,31.10%,3.63年,1.63年,2.20%,1.90%,6.3,-1.06%,-1.50%,-1.14%,-5.81%,-5.97%,92.92,91.06,13.68,104.75,7.90%,36%,32%,15%,0.45,-1.32,2.32,AA,5.10%,11
27,水晶转债,128020,2017-12-12,水晶光电,2273,电子,112.1,1.72%,0.52%,14.3,4.08%,14,1.10%,16,3.42,-10.60%,89.38,25.40%,4.64年,2.64年,9.60%,8.50%,11.8,-0.10%,-0.55%,-0.19%,-3.16%,-3.32%,89.74,89.71,14.59,104.3,7.50%,51%,28%,16%,0.55,-1.21,2.39,AA,4.90%,15
28,生益转债,110040,2017-12-11,生益科技,600183,电子,120.83,1.44%,-0.61%,13.24,1.07%,27,1.20%,11.62,4.59,13.90%,113.94,6.00%,4.66年,无权,6.40%,7.30%,18,-1.97%,-2.37%,-2.05%,无权,无权,无权,91.32,32.06,123.38,-2.10%,46%,12%,16%,0.78,1.09,0.5,AA+,4.20%,4
29,国祯转债,123002,2017-12-25,国祯环保,300388,城市公用设施,123,2.76%,0.17%,10.5,3.45%,5,0.70%,8.72,2.81,20.40%,120.41,2.10%,4.66年,2.66年,10.10%,12.10%,5.8,-2.35%,-2.74%,-2.43%,-6.12%,-6.31%,91.58,90.98,37.8,128.78,-4.50%,51%,<2%,16%,0.85,1.61,0.16,AA,4.30%,9
30,兄弟转债,128021,2017-12-27,兄弟科技,2562,医药,119.164,2.78%,1.95%,6.41,5.60%,22,2.90%,5.35,2.65,19.80%,119.81,-0.50%,4.67年,2.67年,11.30%,13.50%,6.4,-1.67%,-2.07%,-1.75%,-5.03%,-5.23%,91.52,90.9,37.34,128.24,-7.10%,68%,<2%,16%,0.84,2.21,-0.37,AA,4.30%,18
31,众信转债,128022,2017-12-28,众信旅游,2707,旅游餐饮酒店,111.2,4.02%,-3.17%,7.94,2.85%,50,6.50%,10.99,2.99,-27.80%,72.25,53.90%,4.67年,2.67年,10.00%,7.20%,7,-0.18%,-0.58%,-0.26%,-2.66%,-2.86%,88.85,86.64,8.58,95.22,16.80%,69%,40%,17%,0.3,-2.83,3.83,AA,5.40%,9
32,亚太转债,128023,2017-12-26,亚太股份,2284,汽车,97.201,0.85%,-0.70%,5.53,2.03%,7.4,0.80%,10.34,1.55,-46.50%,53.48,81.70%,4.68年,2.68年,24.50%,13.10%,10,3.29%,2.77%,3.19%,2.18%,1.94%,87.96,86.87,3.43,90.3,7.60%,36%,36%,17%,0.07,-1.41,1.6,AA,5.90%,36
33,宁行转债,128024,2018-01-12,宁波银行,2142,金融,122.93,3.26%,0.59%,21.24,5.10%,96,1.10%,18.01,1.8,17.90%,117.93,4.20%,4.69年,无权,6.80%,8.00%,75,-2.57%,-2.91%,-2.64%,无权,无权,无权,90.97,36.94,127.91,-3.90%,30%,13%,18%,0.76,1.64,-0.04,AAA,4.00%,29
34,特一转债,128025,2017-12-28,特一药业,2728,医药,112,0.99%,-0.58%,16.25,0.56%,2.9,0.80%,15.45,3.11,5.20%,105.18,6.50%,4.69年,2.69年,10.40%,10.90%,3.4,-0.33%,-0.74%,-0.41%,-2.90%,-3.09%,90.63,89.53,26.92,116.45,-3.80%,36%,<2%,17%,0.75,1.19,0.34,AA-,4.60%,25
35,蓝思转债,123003,2018-01-17,蓝思科技,300433,电子,107.34,1.92%,-1.75%,8.59,3.37%,76,1.50%,16.08,2.07,-46.60%,53.42,101%,4.69年,2.69年,14.20%,7.60%,48,0.59%,0.18%,0.51%,-1.43%,-1.63%,89.85,88.29,3.19,91.47,17.30%,87%,55%,16%,0.05,-2.92,3.36,AA+,4.90%,29
36,众兴转债,128026,2018-01-03,众兴菌业,2772,农业,98.147,0.63%,-1.05%,7.94,-1.73%,6.2,0.70%,11.64,1.17,-31.80%,68.21,43.90%,4.71年,2.71年,31.50%,21.50%,9.2,2.68%,2.23%,2.59%,1.85%,1.61%,87.82,85.15,7.4,92.55,6.10%,55%,25%,16%,0.24,-1.2,1.72,AA-,5.90%,40
37,泰晶转债,113503,2018-01-02,泰晶科技,603738,电子,107,1.78%,-1.20%,16.8,0.96%,3.8,1.70%,17.99,4.41,-6.60%,93.39,14.60%,4.71年,2.71年,8.10%,7.50%,2.2,1.17%,0.66%,1.07%,-1.19%,-1.42%,90.47,90.96,17.37,108.33,-1.20%,63%,14%,16%,0.61,0.46,0.75,AA,4.80%,33
38,崇达转债,128027,2018-01-22,崇达技术,2815,电子,118.7,1.79%,1.39%,16.95,3.99%,2.8,0.30%,15.09,5.12,12.30%,112.33,5.70%,4.71年,2.71年,5.50%,6.20%,7.8,-1.48%,-1.89%,-1.56%,-4.74%,-4.95%,91.33,90.79,31.68,122.47,-3.10%,63%,14%,16%,0.8,1.18,0.45,AA,4.40%,5
39,铁汉转债,123004,2018-01-26,铁汉生态,300197,城市公用设施,117.7,4.16%,4.04%,4.55,9.90%,83,14.90%,3.99,1.63,14.00%,114.04,3.20%,4.72年,2.72年,4.50%,5.10%,4.8,-1.39%,-1.78%,-1.47%,-4.53%,-4.72%,91.23,90.56,32.12,122.68,-4.10%,67%,15%,15%,0.83,1.47,0.25,AA,4.30%,60
40,东财转债!,123006,2018-01-29,东方财富,300059,金融,169.96,7.10%,0.28%,19.38,7.61%,"1,857",54.60%,11.36,6.92,70.60%,170.6,-0.40%,4.73年,2.73年,2.10%,3.50%,20.6,-8.80%,-9.15%,-8.87%,-10.70%,-10.70%,91.18,91.78,83.91,175.69,-3.30%,58%,<2%,17%,0.97,1.68,0.32,AA,4.10%,33
41,赣锋转债,128028,2018-01-19,赣锋锂业,2460,有色金属,105.959,1.27%,-0.64%,27.59,3.29%,13,1.40%,42.58,6.53,-35.20%,64.8,63.50%,4.73年,2.73年,2.60%,1.70%,9.3,0.77%,0.38%,0.69%,-1.13%,-1.30%,87.63,85.14,6.5,91.65,15.60%,71%,45%,17%,0.19,-2.68,3.38,AA,5.60%,16
42,太阳转债,128029,2018-01-16,太阳纸业,2078,造纸包装印刷,110.01,1.39%,0.09%,7.15,4.23%,6.4,0.50%,8.75,1.56,-18.30%,81.71,34.60%,3.73年,1.73年,6.50%,5.30%,12,-0.42%,-0.84%,-0.51%,-4.18%,-4.32%,93.1,91.56,8.11,99.67,10.40%,37%,35%,16%,0.35,-1.63,2.45,AA+,4.60%,9
43,天康转债,128030,2018-01-29,天康生物,2100,农业,122.324,2.33%,1.83%,9.07,5.34%,64,5.30%,8.15,2.82,11.30%,111.29,9.90%,4.73年,2.73年,11.40%,12.70%,10,-1.73%,-2.20%,-1.82%,-5.70%,-5.90%,91.16,92.19,29.84,122.03,0.20%,31%,20%,16%,0.78,0.44,1.12,AA,4.40%,11
44,双环转债,128032,2018-01-25,双环传动,2472,机械装备制造,106.9,1.22%,-0.70%,7.13,1.86%,5.6,0.50%,9.99,1.48,-28.60%,71.37,49.80%,4.74年,2.74年,20.40%,14.60%,10,0.77%,0.35%,0.69%,-1.18%,-1.40%,88.67,86.63,7.9,94.52,13.10%,54%,37%,16%,0.28,-2.26,3.06,AA,5.40%,18
45,蒙电转债,110041,2018-01-09,内蒙华电,600863,能源电力,111.03,1.85%,0.53%,2.93,3.90%,9.6,0.50%,2.92,1.61,0.30%,100.34,10.70%,4.73年,2.73年,11.00%,11.00%,18.7,-0.03%,-0.45%,-0.11%,-2.45%,-2.66%,92.37,92.45,21.39,113.85,-2.50%,22%,14%,16%,0.61,1.15,0.12,AAA,4.00%,22
46,航电转债,110042,2018-01-15,中航电子,600372,航空航天,123.15,2.88%,0.19%,16.62,4.01%,16,0.50%,14.23,4.11,16.80%,116.8,5.40%,4.74年,2.74年,8.20%,9.60%,24,-2.43%,-2.80%,-2.51%,-5.91%,-6.11%,92.25,91.5,34.89,126.39,-2.60%,35%,13%,16%,0.77,1.35,0.24,AAA,4.00%,18
47,吉视转债,113017,2018-01-15,吉视传媒,601929,传媒娱乐,111.21,1.65%,0.60%,2.88,3.60%,20,1.20%,2.96,1.35,-2.70%,97.3,14.30%,4.75年,2.75年,17.40%,16.90%,15.6,-0.18%,-0.58%,-0.26%,-2.60%,-2.80%,91.05,90.34,20.02,110.36,0.80%,28%,19%,16%,0.62,0.32,0.93,AA+,4.40%,40
48,迪龙转债,128033,2018-01-29,雪迪龙,2658,城市公用设施,107.801,1.99%,-0.57%,8.55,2.27%,2.8,0.50%,9.03,2.57,-5.30%,94.68,13.90%,4.75年,2.75年,10.10%,9.50%,5.2,0.49%,0.09%,0.41%,-1.55%,-1.75%,90.1,88.83,19.82,108.65,-0.80%,37%,16%,17%,0.62,0.45,0.8,AA,4.80%,53
49,道氏转债,123007,2018-01-26,道氏技术,300409,建筑,124.03,1.56%,0.10%,18.7,1.91%,11,2.80%,15.2,4.79,23.00%,123.03,0.80%,4.75年,2.75年,3.80%,4.70%,3.2,-2.17%,-2.61%,-2.25%,-6.07%,-6.28%,91.56,91.94,39.89,131.83,-5.90%,77%,<2%,16%,0.87,1.9,-0.07,AA-,4.30%,22
50,常熟转债!,113018,2018-02-06,常熟银行,601128,金融,130.05,3.24%,-0.06%,7.5,3.31%,143,7.50%,5.76,1.45,30.20%,130.21,-0.10%,4.81年,无权,8.00%,10.40%,14.8,-3.54%,-3.89%,-3.61%,无权,无权,无权,90.86,44.24,135.1,-3.70%,42%,<2%,18%,0.96,1.78,0.22,AA+,4.00%,35
51,江银转债,128034,2018-02-14,江阴银行,2807,金融,116.29,2.19%,0.90%,6.34,4.11%,30,1.50%,5.67,1.11,11.80%,111.82,4.00%,4.83年,无权,15.30%,17.20%,17.6,-1.24%,-1.60%,-1.31%,无权,无权,无权,89.92,32.38,122.3,-4.90%,49%,12%,18%,0.75,1.65,-0.06,AA+,4.20%,53
52,无锡转债,110043,2018-03-14,无锡银行,600908,金融,109.86,1.72%,1.23%,6.52,4.49%,28,0.90%,6.7,1.21,-2.70%,97.31,12.90%,4.84年,无权,24.90%,24.20%,30,-0.87%,-1.08%,-0.91%,无权,无权,无权,86.08,23.69,109.77,0.10%,47%,21%,18%,0.66,0.45,0.87,AA+,4.30%,49
53,大族转债,128035,2018-03-05,大族激光,2008,电子,110,1.56%,0.01%,42.2,4.17%,38,1.50%,52.5,5.5,-19.60%,80.38,36.80%,4.86年,2.86年,5.10%,4.10%,23,-0.30%,-0.63%,-0.37%,-1.60%,-1.89%,91.47,87.27,12.16,99.43,10.60%,39%,33%,16%,0.38,-1.72,2.61,AA+,4.60%,18
54,玲珑转债,113019,2018-03-22,玲珑轮胎,601966,汽车,113,2.73%,-1.02%,17.79,3.31%,19,0.90%,18.84,2.26,-5.60%,94.43,19.70%,3.92年,1.92年,9.40%,8.80%,20,0.00%,-0.60%,-0.12%,-4.91%,-5.06%,92.86,95.32,14.09,109.41,3.30%,34%,21%,16%,0.52,-0.28,1.32,AA+,4.50%,22
55,康泰转债!,123008,2018-03-19,康泰生物,300601,医药,178.11,8.54%,0.22%,56.7,9.08%,103,37.10%,31.23,23.01,81.60%,181.56,-1.90%,4.84年,2.84年,0.40%,0.80%,1.6,-9.48%,-9.82%,-9.55%,-10.70%,-10.80%,91.65,91.59,96.25,187.84,-5.20%,69%,<2%,16%,0.96,2.11,-0.07,AA-,4.10%,11
56,艾华转债,113504,2018-03-23,艾华集团,603989,电子,114.01,0.88%,0.73%,20.8,2.46%,5.4,0.70%,21.73,4.46,-4.30%,95.72,19.10%,4.93年,2.93年,8.50%,8.20%,6.9,-0.59%,-0.99%,-0.67%,-3.16%,-3.36%,89.74,88.76,20.38,109.15,4.50%,40%,25%,16%,0.65,-0.56,1.89,AA,4.70%,5
57,杭电转债,113505,2018-03-27,杭电股份,603618,能源电力,107.9,1.95%,-0.67%,6.68,2.14%,8.8,1.10%,7.29,2.12,-8.40%,91.63,17.80%,4.94年,2.94年,17.00%,15.60%,7.8,0.92%,0.44%,0.82%,-1.40%,-1.61%,89.39,89.82,17.1,106.92,0.90%,72%,17%,16%,0.59,0.01,1.18,AA,4.80%,44
58,星源转债,123009,2018-04-10,星源材质,300568,汽车,114.3,0.70%,2.13%,29.49,3.80%,18,3.30%,27.69,3.96,6.50%,106.5,7.30%,4.94年,2.94年,8.50%,9.00%,4.8,-0.73%,-1.11%,-0.81%,-3.30%,-3.48%,89.96,89.05,28.52,117.57,-2.80%,64%,17%,17%,0.75,1.04,0.48,AA,4.50%,11
59,长证转债,127005,2018-04-11,长江证券,783,金融,115.001,2.96%,1.43%,7.53,7.11%,89,1.60%,7.45,1.59,1.10%,101.07,13.80%,4.95年,无权,12.00%,12.10%,50,-0.96%,-1.32%,-1.04%,无权,无权,无权,90.64,24.81,115.45,-0.40%,31%,20%,18%,0.62,0.72,0.53,AAA,4.00%,36
60,敖东转债,127006,2018-05-11,吉林敖东,623,金融,108,1.71%,0.57%,18.21,4.42%,43,1.70%,20.82,1.03,-12.50%,87.46,23.50%,4.96年,2.96年,11.40%,10.00%,24.1,0.08%,-0.24%,0.01%,-1.80%,-1.93%,89.07,87.46,15.29,102.74,5.10%,31%,25%,16%,0.52,-0.64,1.7,AA+,4.50%,36
61,岩土转债,128037,2018-04-25,中化岩土,2542,建筑,101.35,1.10%,0.26%,5.79,4.32%,12,2.00%,8.03,2.91,-27.90%,72.1,40.60%,4.96年,2.96年,5.70%,4.10%,6,2.22%,1.73%,2.12%,0.62%,0.41%,87.82,87.42,7.61,95.02,6.70%,55%,28%,16%,0.31,-1.22,1.9,AA,5.40%,71
62,利欧转债,128038,2018-04-19,利欧股份,2131,传媒娱乐,124.199,4.13%,-0.38%,2.14,4.39%,67,19.00%,1.72,1.43,24.40%,124.42,-0.20%,4.98年,2.98年,2.20%,2.70%,2.9,-1.77%,-2.25%,-1.87%,-5.73%,-5.91%,90.6,92.65,40.76,133.41,-6.90%,80%,<2%,16%,0.85,2.16,-0.31,AA,4.30%,84
63,金农转债,128036,2018-04-02,金新农,2548,农业,115.3,2.04%,0.97%,10.78,3.75%,54,8.70%,9.62,2.83,12.10%,112.06,2.90%,4.95年,2.95年,13.30%,14.90%,5.5,-0.80%,-1.20%,-0.88%,-3.47%,-3.67%,90.28,89.59,33.15,122.73,-6.10%,39%,<2%,17%,0.8,1.76,-0.06,AA-,4.50%,51
64,鼎信转债,113506,2018-05-14,鼎信通讯,603421,能源电力,136.22,-2.25%,1.04%,29.7,-1.33%,29,19.00%,21.65,5.75,37.20%,137.18,-0.70%,5年13天,3年13天,0.80%,1.10%,1.1,-4.12%,-4.48%,-4.19%,-8.33%,-8.50%,90.76,90.34,54.31,144.65,-5.80%,52%,<2%,16%,0.91,2.05,-0.11,AA,4.20%,29
65,天马转债,113507,2018-05-07,天马科技,603668,农业,137.2,2.56%,0.26%,10.25,3.12%,74,26.80%,7.37,3.43,39.10%,139.08,-1.30%,5年16天,3年16天,6.60%,9.20%,2,-3.79%,-4.24%,-3.88%,-8.40%,-8.60%,90.98,92.3,55.28,147.57,-7.00%,54%,<2%,17%,0.9,2.27,-0.32,AA-,4.20%,35
66,新凤转债,113508,2018-05-16,新凤鸣,603225,服装纺织,106.85,1.32%,0.15%,14.55,2.75%,32,1.40%,16.83,1.58,-13.50%,86.45,23.60%,5年27天,3年27天,12.40%,10.70%,21.5,1.15%,0.67%,1.05%,-0.96%,-1.17%,88.77,89.02,14.69,103.71,3.00%,49%,21%,16%,0.53,-0.47,1.55,AA,4.90%,31
67,新泉转债,113509,2018-06-22,新泉股份,603179,汽车,108.03,1.10%,0.23%,17.81,2.18%,2.5,0.50%,19.38,2.66,-8.10%,91.9,17.60%,5.18年,3.18年,11.10%,10.20%,4.5,0.55%,0.15%,0.47%,-1.25%,-1.46%,88.75,87.67,19.85,107.52,0.50%,55%,19%,17%,0.61,0.12,1.1,AA,4.80%,25
68,三力转债,128039,2018-06-29,三 力 士,2224,机械装备制造,117.68,1.88%,-0.51%,6.8,1.64%,3.7,0.70%,5.84,2.56,16.40%,116.44,1.10%,5.19年,3.19年,10.50%,12.20%,4.7,-1.21%,-1.58%,-1.28%,-3.82%,-4.00%,89.48,88.7,37.72,126.41,-6.90%,38%,<2%,17%,0.83,2.03,-0.24,AA-,4.40%,27
69,华通转债,128040,2018-07-13,华通医药,2758,医药,107.22,2.07%,-0.59%,11.19,2.19%,8.8,3.70%,11.45,3.66,-2.30%,97.73,9.70%,5.21年,3.21年,9.50%,9.30%,2.2,1.09%,0.61%,0.99%,-0.97%,-1.18%,88.7,89.12,23.76,112.87,-5.00%,76%,11%,18%,0.67,1.25,0.14,AA-,4.80%,53
70,再升转债,113510,2018-07-13,再升科技,603601,城市公用设施,103.9,1.34%,-0.92%,8.92,1.25%,3.5,3.00%,11.32,3.83,-21.20%,78.8,31.90%,5.22年,1.22年,2.40%,1.90%,1.1,1.71%,1.23%,1.61%,-1.90%,-2.07%,93.73,85.49,14.37,99.86,4.00%,66%,23%,17%,0.33,-0.65,1.33,AA-,5.70%,35
71,千禾转债,113511,2018-07-10,千禾味业,603027,食品饮料,111.2,1.54%,0.51%,24.17,3.16%,3.3,0.80%,25.85,6.18,-6.50%,93.5,18.90%,5.23年,3.23年,4.50%,4.20%,3.6,0.33%,-0.13%,0.24%,-2.08%,-2.28%,88.28,88.61,19.61,108.23,2.70%,57%,21%,16%,0.65,-0.41,1.73,AA-,4.90%,40
72,广电转债,110044,2018-07-24,广电网络,600831,传媒娱乐,161.21,1.43%,1.43%,11.13,3.06%,74,23.00%,6.91,2.11,61.10%,161.07,0.10%,5.24年,3.24年,2.70%,4.40%,2,-6.62%,-7.02%,-6.70%,-11.90%,-12.10%,90.56,92.05,76.34,168.39,-4.30%,41%,<2%,17%,0.94,1.76,0.18,AA,4.10%,11
73,湖广转债,127007,2018-08-01,湖北广电,665,传媒娱乐,120.55,2.60%,0.80%,9.48,4.29%,102,6.30%,7.92,1,19.70%,119.7,0.70%,5.25年,3.25年,22.80%,27.30%,13.8,-1.15%,-1.61%,-1.24%,-4.26%,-4.47%,90.6,91.96,38.61,130.57,-7.70%,32%,<2%,17%,0.79,2.39,-0.61,AA+,4.20%,38
74,博世转债,123010,2018-08-14,博世科,300422,城市公用设施,109.666,1.54%,0.99%,11.71,5.02%,4.1,0.90%,14.3,3.15,-18.10%,81.89,33.90%,5.27年,3.27年,10.30%,8.50%,4.3,0.63%,0.17%,0.54%,-1.60%,-1.81%,87.28,87.07,13.82,100.9,8.70%,68%,32%,17%,0.5,-1.64,2.79,AA-,5.20%,35
75,景旺转债,113512,2018-07-24,景旺电子,603228,电子,129.4,3.35%,-0.13%,65.1,3.66%,27,3.20%,49.85,7.18,30.60%,130.59,-0.90%,5.27年,3.27年,2.50%,3.30%,6.7,-2.54%,-2.97%,-2.62%,-6.27%,-6.46%,90.14,91.46,47.86,139.31,-7.10%,38%,<2%,16%,0.88,2.28,-0.36,AA,4.20%,9
76,安井转债,113513,2018-07-31,安井食品,603345,食品饮料,117.54,1.35%,0.21%,40.65,1.88%,17,3.00%,35.46,4.8,14.60%,114.64,2.50%,5.29年,3.29年,5.70%,6.50%,5,-0.74%,-1.18%,-0.83%,-3.62%,-3.81%,89.31,90.31,34.82,125.12,-6.10%,51%,<2%,16%,0.83,1.78,-0.03,AA-,4.40%,15
77,海澜转债,110045,2018-07-31,海澜之家,600398,服装纺织,105.57,1.22%,-0.12%,9.77,2.73%,48,1.50%,12.4,3.78,-21.20%,78.79,34.00%,5.29年,3.29年,6.80%,5.40%,30,1.12%,0.71%,1.04%,-0.77%,-0.93%,88.14,88.54,10.28,98.82,6.80%,30%,27%,16%,0.4,-1.07,1.93,AA+,4.60%,36
78,盛路转债!,128041,2018-08-14,盛路通信,2446,通信互联网,151.781,5.34%,-1.36%,10.48,4.17%,58,20.20%,6.88,2.83,52.30%,152.33,-0.40%,5.30年,3.30年,2.20%,3.30%,1.9,-5.12%,-5.59%,-5.21%,-10.20%,-10.40%,90.66,93.82,65.5,159.31,-4.70%,52%,<2%,16%,0.95,2,0.01,AA,4.10%,22
79,德尔转债,123011,2018-08-14,德尔股份,300473,汽车,111.859,1.78%,0.18%,37.88,2.63%,16,2.60%,34.96,2.19,8.40%,108.35,3.20%,5.30年,2.81年,14.00%,15.10%,5.6,0.97%,0.38%,0.85%,-2.67%,-2.87%,90.41,92.99,28.8,121.79,-8.20%,44%,<2%,17%,0.75,2.07,-0.43,AA-,4.60%,44
80,威帝转债,113514,2018-08-13,威帝股份,603023,汽车,108.93,1.52%,0.14%,5.96,2.41%,2.2,1.00%,5.92,3.81,0.70%,100.68,8.20%,4.31年,2.31年,9.30%,9.40%,2,0.55%,0.06%,0.45%,-2.54%,-2.71%,90.84,90.9,22.8,113.7,-4.20%,71%,13%,18%,0.69,1.09,0.33,A+,4.90%,55
81,万顺转债,123012,2018-08-29,万顺股份,300057,造纸包装印刷,122.73,4.01%,1.07%,7.99,5.97%,31,7.20%,6.47,1.32,23.50%,123.49,-0.60%,5.31年,3.31年,8.30%,10.20%,3.5,-1.86%,-2.24%,-1.94%,-4.75%,-4.95%,89.6,89.1,44.59,133.7,-8.20%,45%,<2%,18%,0.85,2.39,-0.5,AA-,4.40%,33
82,高能转债,113515,2018-08-27,高能环境,603588,城市公用设施,113.68,0.47%,1.55%,10.33,2.58%,32,3.30%,9.38,2.79,10.10%,110.13,3.20%,5.32年,3.32年,12.30%,13.60%,8.4,-0.06%,-0.52%,-0.15%,-2.60%,-2.80%,89.35,90.35,31.12,121.47,-6.40%,67%,<2%,16%,0.78,1.86,-0.19,AA,4.40%,35
83,横河转债,123013,2018-08-20,横河模具,300539,机械装备制造,125.102,2.74%,-0.31%,11.61,2.83%,34,63.00%,9.26,6.33,25.40%,125.38,-0.20%,5.32年,3.32年,1.80%,2.20%,0.4,-1.36%,-1.89%,-1.47%,-5.04%,-5.27%,90.17,93.04,43.75,136.8,-8.50%,78%,<2%,17%,0.86,2.41,-0.51,A+,4.40%,33
84,凯中转债,128042,2018-09-03,凯中精密,2823,能源电力,107.906,0.94%,-0.25%,12.6,1.12%,1.6,0.30%,13.25,2.8,-4.90%,95.09,13.50%,5.34年,3.34年,11.30%,10.80%,4.2,1.61%,1.02%,1.49%,-1.11%,-1.32%,88.31,91.9,19.88,111.79,-3.50%,67%,13%,17%,0.61,0.86,0.39,AA,4.80%,53
85,凯发转债,123014,2018-08-21,凯发电气,300407,能源电力,119,-5.85%,-1.32%,9.77,-8.52%,151,35.50%,8.15,2.76,19.90%,119.88,-0.70%,4.33年,2.33年,13.00%,15.50%,3.5,-1.93%,-2.33%,-2.01%,-5.93%,-6.09%,91.74,90.86,37.92,128.78,-7.60%,64%,<2%,18%,0.84,2.22,-0.38,A+,4.50%,20
86,苏农转债,113516,2018-08-20,苏农银行,603323,金融,124,2.90%,0.37%,7.53,4.29%,20,1.30%,6.34,1.22,18.80%,118.77,4.40%,5.34年,无权,10.50%,12.50%,12.9,-1.33%,-1.84%,-1.43%,无权,无权,无权,93.06,37.9,130.96,-5.30%,49%,10%,18%,0.76,1.75,-0.13,AA+,4.20%,33
87,东音转债,128043,2018-08-27,东音股份,2793,机械装备制造,114.176,2.68%,-1.05%,13.02,2.04%,14,4.50%,11.43,3.08,13.90%,113.91,0.20%,5.34年,3.34年,10.80%,12.20%,2.8,0.22%,-0.30%,0.12%,-2.70%,-2.90%,89.1,91.71,34.52,126.23,-9.60%,69%,<2%,17%,0.8,2.53,-0.72,AA-,4.50%,31
88,曙光转债,113517,2018-08-23,中科曙光,603019,计算机及应用,125.44,2.21%,1.29%,60.28,4.24%,50,3.60%,51.28,10.6,17.60%,117.55,6.70%,5.35年,3.35年,2.90%,3.40%,11.2,-1.92%,-2.35%,-2.01%,-5.29%,-5.47%,89.5,90.63,37.11,127.74,-1.80%,60%,16%,16%,0.83,0.93,0.73,AA,4.30%,5
89,蓝盾转债,123015,2018-09-13,蓝盾股份,300297,计算机及应用,125.25,4.05%,0.69%,7.33,5.47%,30,9.90%,5.82,2.06,25.90%,125.95,-0.60%,5.37年,3.37年,2.80%,3.50%,2.5,-1.88%,-2.32%,-1.97%,-5.22%,-5.40%,89.67,90.94,44.22,135.16,-7.30%,36%,<2%,16%,0.87,2.27,-0.38,AA,4.30%,49
90,岭南转债,128044,2018-09-04,岭南股份,2717,城市公用设施,112.788,0.91%,-0.11%,9.39,1.08%,7.1,1.00%,8.96,2.19,4.80%,104.8,7.60%,5.38年,3.38年,6.90%,7.20%,6.6,-0.12%,-0.53%,-0.20%,-2.39%,-2.58%,88.75,88.86,27.91,116.76,-3.40%,67%,11%,16%,0.75,1.12,0.41,AA,4.50%,22
91,机电转债,128045,2018-09-14,中航机电,2013,航空航天,117.51,2.47%,0.25%,8.02,4.02%,23,0.90%,7.66,3.26,4.70%,104.7,12.20%,5.41年,3.41年,7.30%,7.60%,21,-1.23%,-1.57%,-1.30%,-3.51%,-3.69%,90.05,89.31,27.63,116.93,0.50%,57%,18%,16%,0.68,0.62,0.74,AAA,4.00%,11
92,顾家转债,113518,2018-10-09,顾家家居,603816,其他,123,1.57%,-0.06%,59.1,1.90%,13,1.00%,52.2,5.97,13.20%,113.22,8.60%,5.46年,3.46年,4.30%,4.90%,11,-1.20%,-1.69%,-1.30%,-4.62%,-4.81%,88.92,91.53,32.94,124.47,-1.20%,39%,15%,16%,0.79,0.71,0.88,AA,4.40%,7
93,利尔转债,128046,2018-11-09,利尔化学,2258,石油天然气化工,110.76,-0.21%,1.23%,15.7,1.95%,10,1.10%,18.82,2.78,-16.60%,83.42,32.80%,5.55年,3.55年,10.30%,8.60%,8.5,0.42%,-0.02%,0.33%,-1.75%,-1.94%,86.87,87.08,14.24,101.32,9.30%,61%,32%,16%,0.52,-1.67,2.87,AA,5.00%,15
94,光电转债,128047,2018-12-07,中航光电,2179,机械装备制造,117.889,1.44%,-0.30%,40.64,1.65%,21,1.40%,40.26,5.56,0.90%,100.94,16.80%,5.60年,3.60年,4.00%,4.10%,13,-1.25%,-1.57%,-1.31%,-3.42%,-3.59%,88.38,87.2,26.33,113.53,3.80%,34%,22%,16%,0.69,-0.25,1.64,AA+,4.30%,9
95,长久转债,113519,2018-11-30,长久物流,603569,交通运输,117.25,1.96%,-0.43%,14.01,1.97%,11,1.40%,11.99,3.49,16.80%,116.85,0.30%,5.61年,3.61年,8.90%,10.40%,7,0.51%,-0.12%,0.39%,-3.14%,-3.33%,88.5,94.95,34.46,129.41,-9.40%,53%,<2%,17%,0.78,2.54,-0.77,AA,4.40%,22
96,洲明转债,123016,2018-12-03,洲明科技,300232,电子,143.288,1.62%,0.58%,14.28,2.37%,3.8,0.50%,9.45,5.16,51.10%,151.11,-5.20%,5.61年,3.61年,5.00%,7.60%,5.5,-3.80%,-4.27%,-3.89%,-8.15%,-8.34%,89.54,92.53,66.43,158.95,-9.90%,69%,<2%,16%,0.93,3.05,-0.9,AA-,4.20%,18
97,百合转债,113520,2018-11-26,梦百合,603313,其他,148.39,3.18%,0.02%,29.2,3.44%,9.1,1.20%,19.03,4.28,53.40%,153.44,-3.30%,5.61年,3.61年,7.20%,11.10%,5.1,-4.42%,-4.88%,-4.51%,-9.05%,-9.23%,89.29,92.4,69.49,161.89,-8.30%,41%,<2%,16%,0.93,2.67,-0.6,AA-,4.20%,16
98,张行转债,128048,2018-11-29,张家港行,2839,金融,118.301,2.51%,0.90%,6.89,4.55%,43,1.50%,6.06,1.39,13.70%,113.7,4.00%,5.62年,无权,20.10%,22.80%,25,-0.62%,-1.07%,-0.71%,无权,无权,无权,90.86,35.43,126.29,-6.30%,57%,10%,18%,0.75,1.95,-0.32,AA+,4.30%,33
99,科森转债,113521,2018-12-07,科森科技,603626,通信互联网,112.5,1.07%,0.79%,9.92,2.48%,8.9,1.30%,8.95,2.35,10.80%,110.84,1.50%,5.63年,3.63年,14.80%,16.40%,6.1,0.51%,0.01%,0.41%,-2.06%,-2.26%,88.18,90.77,34.05,124.82,-9.90%,64%,<2%,18%,0.75,2.61,-0.87,AA,4.50%,71
100,特发转债,127008,2018-12-25,特发信息,70,通信互联网,175.77,1.57%,0.41%,14.54,2.04%,347,47.40%,6.78,4.29,114%,214.45,-18.00%,4.63年,2.63年,4.60%,9.90%,4.2,-9.46%,-9.85%,-9.53%,-11.80%,-11.90%,91.55,93,126.2,219.2,-19.80%,60%,<2%,17%,0.98,6.12,-2.96,AA,4.00%,35
101,桐昆转债,113020,2018-12-12,桐昆股份,601233,服装纺织,122.88,1.51%,2.60%,15.13,5.07%,19,0.40%,12.63,1.8,19.80%,119.79,2.60%,5.64年,3.64年,13.80%,16.50%,38,-1.48%,-1.89%,-1.57%,-4.42%,-4.58%,88.73,90.1,39.55,129.65,-5.20%,48%,12%,16%,0.81,1.83,-0.1,AA+,4.20%,24
102,圆通转债,110046,2018-12-18,圆通速递,600233,交通运输,122.01,1.35%,-0.17%,13.4,1.44%,76,1.70%,10.89,3.68,23.00%,123.05,-0.80%,5.64年,3.64年,9.60%,11.80%,36.5,-0.97%,-1.45%,-1.07%,-4.12%,-4.31%,89.21,92.17,40.96,133.13,-8.40%,61%,<2%,16%,0.82,2.58,-0.73,AA+,4.20%,36
103,寒锐转债,123017,2018-12-24,寒锐钴业,300618,有色金属,111.107,1.82%,-0.46%,79.27,1.89%,5.6,1.20%,81.49,8.51,-2.70%,97.28,14.20%,5.64年,3.64年,2.90%,2.80%,4.4,0.00%,-0.36%,-0.07%,-1.83%,-2.01%,87.08,86.12,24.14,110.26,0.80%,77%,17%,16%,0.72,0.07,1.37,AA-,4.70%,44
104,山鹰转债,110047,2018-12-10,山鹰纸业,600567,造纸包装印刷,118.33,2.07%,-0.27%,3.96,2.33%,27,1.00%,3.34,1.41,18.60%,118.56,-0.20%,5.65年,3.65年,12.70%,15.00%,23,0.03%,-0.54%,-0.09%,-3.40%,-3.58%,88.8,94.2,36.59,130.79,-9.50%,29%,<2%,16%,0.77,2.76,-0.95,AA+,4.20%,65
105,旭升转债,113522,2018-12-11,旭升股份,603305,汽车,113.01,1.70%,-0.09%,31.17,2.30%,12,2.60%,29.86,8.88,4.40%,104.39,8.30%,5.65年,3.65年,3.40%,3.50%,4.2,1.13%,0.51%,1.01%,-2.22%,-2.41%,87.57,93.73,24.78,118.51,-4.60%,64%,10%,16%,0.7,1.26,0.19,AA,4.60%,20
106,华源转债,128049,2018-12-20,华源控股,2787,造纸包装印刷,117.52,1.40%,-0.50%,9.44,1.07%,19,4.20%,7.57,2.17,24.70%,124.7,-5.80%,5.66年,3.66年,13.60%,17.00%,4,-0.28%,-0.77%,-0.38%,-3.16%,-3.36%,88.37,91.1,45.34,136.44,-13.90%,75%,<2%,18%,0.84,3.79,-1.62,AA-,4.40%,60
107,福能转债,110048,2018-12-28,福能股份,600483,能源电力,120,1.78%,-0.99%,9.64,1.05%,18,0.50%,8.69,1.37,10.90%,110.93,8.20%,5.69年,3.69年,18.90%,21.00%,28.3,-0.87%,-1.31%,-0.96%,-3.72%,-3.90%,88.54,90.6,31.92,122.52,-2.10%,29%,12%,16%,0.75,1.02,0.51,AA+,4.20%,9
108,伟明转债,113523,2018-12-26,伟明环保,603568,城市公用设施,110.48,1.01%,1.35%,24.8,3.20%,0.8,0.10%,23.92,6.21,3.70%,103.68,6.60%,5.70年,3.70年,3.90%,4.10%,6.7,0.77%,0.28%,0.67%,-1.61%,-1.80%,87.61,90.01,26.66,116.66,-5.30%,43%,11%,16%,0.74,1.44,0.1,AA,4.50%,29
109,钧达转债,128050,2018-12-27,钧达股份,2865,汽车,110,4.14%,2.63%,22.81,9.98%,29,8.40%,21.74,3.21,4.90%,104.92,4.80%,5.70年,3.70年,11.50%,12.10%,3.2,2.18%,1.46%,2.04%,-1.35%,-1.57%,87.31,95.53,26.85,122.37,-10.10%,66%,7%,18%,0.68,2.38,-0.81,AA-,4.80%,73
110,光华转债,128051,2019-01-09,光华科技,2741,汽车,106.29,1.52%,0.02%,15.08,2.59%,2.5,1.00%,17.03,4.69,-11.50%,88.55,20.00%,5.71年,3.71年,4.40%,3.90%,2.5,1.58%,1.06%,1.47%,-0.48%,-0.70%,86.51,88.28,18.7,106.98,-0.60%,38%,17%,17%,0.6,0.11,1.09,AA-,5.00%,22
111,奇精转债,113524,2019-01-07,奇精机械,603677,家电,108.66,0.98%,0.80%,15.45,2.52%,1.7,0.50%,14.76,3.14,4.70%,104.67,3.80%,5.71年,3.71年,10.90%,11.40%,3.3,1.53%,0.96%,1.41%,-1.18%,-1.37%,87.36,91.97,27.81,119.78,-9.30%,61%,<2%,18%,0.7,2.31,-0.71,AA,4.60%,55
112,台华转债,113525,2019-01-11,台华新材,603055,服装纺织,114.8,1.43%,-0.40%,12,1.44%,14,2.40%,11.56,2.63,3.80%,103.81,10.60%,5.72年,3.72年,8.10%,8.40%,5.3,0.08%,-0.40%,-0.02%,-2.58%,-2.76%,87.43,89.77,28.5,118.27,-2.90%,47%,13%,17%,0.72,0.89,0.57,AA,4.60%,7
113,海尔转债,110049,2019-01-18,青岛海尔,600690,家电,124,1.67%,1.31%,17.11,3.82%,53,1.40%,14.55,2.96,17.60%,117.59,5.40%,5.72年,3.72年,2.80%,3.20%,30.1,-2.10%,-2.42%,-2.17%,-4.57%,-4.73%,88.96,88.23,39.2,127.43,-2.70%,32%,15%,16%,0.78,1.39,0.22,AAA,4.00%,25
114,佳都转债,110050,2019-01-21,佳都科技,600728,计算机及应用,136.46,0.69%,0.70%,12.22,1.50%,155,13.00%,7.95,6.01,53.70%,153.71,-11.20%,5.72年,3.72年,4.40%,6.80%,8.8,-3.10%,-3.52%,-3.18%,-6.85%,-7.01%,88.8,91.04,69.97,161.01,-15.20%,71%,<2%,16%,0.93,4.56,-2.01,AA,4.10%,20
115,溢利转债,123018,2019-01-23,溢多利,300381,医药,120.7,1.75%,-0.95%,11.03,0.91%,11,1.40%,8.41,2.25,31.20%,131.15,-8.00%,5.73年,3.73年,14.80%,19.40%,6.7,-0.81%,-1.28%,-0.90%,-3.83%,-4.01%,88.25,91.02,49.58,140.6,-14.20%,77%,<2%,17%,0.88,3.97,-1.68,AA-,4.30%,40
116,凯龙转债,128052,2019-01-21,凯龙股份,2783,石油天然气化工,128,3.48%,3.28%,10.49,7.37%,112,27.00%,6.97,2.4,50.50%,150.5,-15.00%,5.73年,3.73年,9.40%,14.20%,3.3,-1.81%,-2.28%,-1.90%,-5.24%,-5.42%,88.86,91.84,66.71,158.55,-19.30%,78%,<2%,17%,0.92,5.72,-2.8,AA,4.20%,29
117,冰轮转债,127009,2019-02-21,冰轮环境,811,机械装备制造,139.5,-0.36%,4.54%,9.12,4.47%,93,13.30%,5.52,2.11,65.20%,165.22,-15.60%,5.80年,3.80年,8.50%,14.10%,5.1,-3.29%,-3.73%,-3.38%,-7.25%,-7.41%,88.56,91.59,81.7,173.3,-19.50%,44%,<2%,17%,0.94,5.86,-2.86,AA,4.10%,22
118,平银转债,127010,2019-02-18,平安银行,1,金融,118.36,1.95%,1.28%,12.82,4.91%,182,0.60%,11.77,1,8.90%,108.92,8.70%,5.81年,无权,11.80%,12.90%,260,-0.05%,-0.59%,-0.16%,无权,无权,无权,94.46,31.34,125.8,-5.90%,29%,10%,16%,0.66,2,-0.53,AAA,4.00%,53
119,联泰转债,113526,2019-02-18,联泰环保,603797,城市公用设施,117.26,0.56%,-0.16%,15.07,0.47%,10,2.30%,12.31,3.05,22.40%,122.42,-4.20%,5.82年,3.82年,12.10%,14.90%,3.9,-0.94%,-1.28%,-1.01%,-3.08%,-3.25%,87.65,87.25,45.4,132.65,-11.60%,50%,<2%,18%,0.84,3.27,-1.22,AA,4.30%,16
120,维格转债,113527,2019-02-19,维格娜丝,603518,服装纺织,113.12,1.16%,-0.10%,17.03,1.43%,30,3.60%,14.96,1.35,13.80%,113.84,-0.60%,5.82年,3.82年,24.30%,27.60%,7.5,1.14%,0.52%,1.02%,-2.10%,-2.29%,87.42,93.83,34.24,128.07,-11.70%,39%,<2%,18%,0.75,3.04,-1.21,AA,4.50%,42
121,尚荣转债,128053,2019-03-07,尚荣医疗,2551,医药,117.159,1.68%,0.91%,6.12,3.03%,47,5.40%,4.94,1.87,23.90%,123.89,-5.40%,5.88年,3.88年,17.40%,21.50%,7.5,-0.28%,-0.74%,-0.37%,-2.97%,-3.14%,87.71,90.47,43.01,133.49,-12.20%,42%,<2%,16%,0.86,3.46,-1.35,AA,4.30%,45
122,中宠转债,128054,2019-03-14,中宠股份,2891,农业,112.74,2.12%,-1.88%,36.72,0.33%,15,6.90%,37.97,5.01,-3.30%,96.71,16.60%,5.88年,3.88年,5.30%,5.10%,1.9,0.43%,-0.04%,0.34%,-2.01%,-2.19%,85.98,88,23.32,111.32,1.30%,49%,16%,16%,0.72,-0.23,1.68,A+,4.80%,7
123,中来转债,123019,2019-03-22,中来股份,300393,能源电力,109.161,-0.30%,0.62%,20.98,0.48%,65,6.00%,20.41,2.01,2.80%,102.79,6.20%,5.91年,3.91年,19.80%,20.30%,10,2.35%,1.63%,2.21%,-1.00%,-1.23%,86.6,94.98,26.76,121.74,-10.30%,48%,<2%,18%,0.66,2.37,-0.83,AA-,4.80%,36
124,中天转债,110051,2019-03-22,中天科技,600522,通信互联网,110.22,-0.27%,1.31%,9.95,1.63%,206,4.70%,10.29,1.62,-3.30%,96.7,14.00%,5.92年,3.92年,13.00%,12.60%,39.7,0.63%,0.19%,0.54%,-1.47%,-1.65%,87.31,89.16,22.18,111.34,-1.00%,64%,18%,16%,0.63,0.63,0.65,AA+,4.40%,15
125,今飞转债,128056,2019-03-22,今飞凯达,2863,汽车,107.414,1.23%,0.46%,7,2.34%,18,4.60%,6.8,2.79,2.90%,102.94,4.30%,5.92年,3.92年,14.00%,14.40%,3.7,2.16%,1.52%,2.04%,-0.62%,-0.84%,86.61,92.55,26.35,118.9,-9.70%,72%,<2%,17%,0.72,2.18,-0.57,A+,4.80%,27
126,长城转债,113528,2019-03-20,长城科技,603897,机械装备制造,109.25,1.21%,0.77%,25.35,2.67%,15,2.20%,24.18,2.75,4.80%,104.84,4.20%,5.92年,3.92年,14.00%,14.70%,6.3,1.35%,0.81%,1.24%,-1.11%,-1.31%,86.92,90.77,29.2,119.97,-8.90%,57%,<2%,17%,0.74,2.15,-0.5,AA-,4.60%,18
127,富祥转债,123020,2019-03-29,富祥股份,300497,医药,115,15.00%,0.00%,22.4,1.54%,599,121%,18.05,4.6,24.10%,124.1,-7.30%,5.92年,3.92年,8.40%,10.40%,4.2,0.89%,0.28%,0.77%,-2.36%,-2.56%,87.77,94.36,41.5,135.86,-15.40%,64%,<2%,16%,0.84,4.16,-1.88,AA-,4.40%,18
128,中信转债,113021,2019-03-19,中信银行,601998,金融,107.75,0.89%,0.42%,6.29,3.28%,228,0.50%,7.45,0.77,-15.60%,84.43,27.60%,5.93年,无权,13.00%,11.00%,400,1.74%,1.17%,1.63%,无权,无权,无权,94.92,15.7,110.62,-2.60%,23%,15%,17%,0.4,0.96,-0.11,AAA,4.00%,31
129,万信转2,123021,2019-03-25,万达信息,300168,计算机及应用,118.501,1.72%,1.30%,15.27,3.88%,33,2.30%,13.62,4.76,12.10%,112.11,5.70%,5.93年,3.93年,7.10%,8.00%,12,-0.03%,-0.56%,-0.14%,-3.21%,-3.38%,87.01,91.84,32.17,124,-4.40%,52%,12%,16%,0.78,1.35,0.25,AA,4.40%,11
130,N贵广转,110052,2019-03-29,贵广网络,600996,传媒娱乐,118.26,18.30%,0.00%,10.25,3.96%,"1,327",69.60%,8.13,2.48,26.10%,126.08,-6.20%,5.94年,3.94年,15.00%,18.90%,16,0.11%,-0.45%,0.00%,-3.04%,-3.23%,88.36,93.78,42.97,136.75,-13.50%,41%,<2%,16%,0.82,3.92,-1.75,AA+,4.20%,18
131,浙商转债,113022,2019-03-28,浙商证券,601878,金融,109.86,2.89%,1.77%,11.61,8.30%,623,16.50%,12.53,2.83,-7.30%,92.66,18.60%,5.95年,无权,9.00%,8.40%,35,0.02%,-0.29%,-0.04%,无权,无权,无权,87.44,22.01,109.44,0.40%,50%,21%,18%,0.56,0.54,0.59,AAA,4.00%,24